{
  "base_features": [
    "age",
    "age2",
    "ln_age",
    "ln_sbp",
    "ln_tc",
    "ln_hdlc",
    "ln_waist",
    "drug",
    "smoke",
    "dm",
    "north",
    "urban",
    "family",
    "drug_x_ln_sbp",
    "nodrug_x_ln_sbp"
  ],
  "poly": "1 + normalized features + upper-triangle pairwise products",
  "models": [
    {
      "sex": 1,
      "alpha": 0.3,
      "mean": [
        38.46666666666667,
        1607.8111111111111,
        3.603366802830056,
        4.855320875361347,
        5.290259923987368,
        4.035282260711557,
        4.469675558869438,
        0.5166666666666667,
        0.49444444444444446,
        0.5666666666666667,
        0.48333333333333334,
        0.5222222222222223,
        0.46111111111111114,
        2.4997803406507724,
        2.35554053471057
      ],
      "sd": [
        11.319305043449736,
        884.6678710673096,
        0.3107516183970091,
        0.281165934255649,
        0.43829799006949005,
        0.5306000849509307,
        0.2674405049122744,
        0.4997221450188316,
        0.4999691348498112,
        0.49553562491061626,
        0.49972214501883067,
        0.49950592873308913,
        0.49848536018722567,
        2.425974081009486,
        2.443434443852958
      ],
      "coef": [
        -1.4484247857696009,
        -0.021978322344433757,
        -0.020946543067845453,
        -0.020792800403932332,
        1.0625241210468273,
        0.33154406299104594,
        -0.4430422640247289,
        -0.1444290254548252,
        0.08108162663789319,
        0.1156751661862096,
        0.1536576246907184,
        0.3360137579500049,
        -0.10327279405121137,
        0.1393569726061512,
        0.14763456303821398,
        -0.024314970421471578,
        0.004750688177978807,
        -0.0025169261794282115,
        -0.0010773280682830095,
        0.02023784643602888,
        0.01740284734862959,
        -0.019811615872820418,
        0.006305050000701294,
        -0.023835259185211632,
        -0.011864566742517796,
        -0.01075460097773081,
        -0.010481325833514389,
        -0.01365686620983553,
        0.0005598780058675948,
        0.004587213435444526,
        -0.002225665563406289,
        -0.02505764592761203,
        0.00173708285448804,
        -0.026774227659068013,
        -0.03349490115127769,
        -0.0014187315106036853,
        0.005392668720005141,
        -0.020842812385873148,
        0.03804972546975755,
        0.019730576802041794,
        -0.03993537309338193,
        -0.023867519807638453,
        -0.010164364870307602,
        -0.005451435342197111,
        0.002331570681249059,
        -0.01276999928113394,
        -0.011638969655254822,
        0.016937158315526137,
        0.031040857136757333,
        0.0015782958132047,
        -0.008492211751516758,
        -0.027917453044108306,
        -0.015077625265465137,
        0.04896292114241202,
        0.04148204547876459,
        0.0028709772899308253,
        0.025538546130222585,
        -0.026695347984318704,
        0.0875701089312365,
        0.06593894075290938,
        -0.08353345398175852,
        -0.02420438985091165,
        0.05036456034173697,
        0.02607835020124327,
        0.045208657979058244,
        0.04751406395668369,
        -0.028170861186718275,
        0.031118459462789898,
        0.0015415834663013207,
        0.008546122450791642,
        0.012964785442651212,
        -0.023461504744437513,
        -0.003331162746917268,
        -0.02356855138016302,
        -0.0020218960568288372,
        0.011238080720616701,
        0.03067549219598268,
        -0.01575538301245389,
        0.01694433805411307,
        0.027708661154329194,
        -0.019923067722003522,
        0.017122718701751218,
        0.0069839830393582415,
        -0.11291449219930554,
        -0.009570643033008037,
        -0.02292917194122326,
        -0.035813366189287786,
        0.009265682055536774,
        -0.02713818618667775,
        0.03920020347384084,
        -0.04853227780528453,
        0.0007811437821258552,
        -0.036044057370622544,
        -0.0005370059943875108,
        -0.008026608755821682,
        -0.003966222518626385,
        0.006621567715284834,
        -0.010548037225435278,
        0.01232307510075304,
        -0.015020214997245864,
        -0.005408447304388077,
        -0.021737484832091057,
        -0.006167232444517366,
        -0.065638228963512,
        -0.09076245620007202,
        0.02618289360261973,
        0.05924436091679585,
        -0.053025562315220647,
        0.002570717939922435,
        0.004139503639251719,
        -0.0009461014901641819,
        -0.008732378359511371,
        0.0062321211751464834,
        0.012048318390259534,
        -0.008961388135878448,
        -0.041344521485880324,
        0.013188984294076066,
        -0.0025043892828813677,
        0.006441722632831906,
        0.010216995787239459,
        -0.004941827859973244,
        0.022413372530949074,
        -0.011055988046106005,
        0.011754160152832063,
        0.04715053185913347,
        -0.04134616022429723,
        0.009188883844235196,
        -0.011413778454519501,
        0.03951419911197393,
        -0.04247345765435394,
        0.021743618794319217,
        -0.0020148216260982635,
        0.005581224331525864,
        0.11829190226648013,
        -0.11726921868179728,
        0.11741463506284881
      ],
      "all_mae_p95_max": [
        0.6021441454343097,
        1.7015070487406159,
        3.9977937989359447
      ]
    },
    {
      "sex": 2,
      "alpha": 1,
      "mean": [
        39.35,
        1702.2944444444445,
        3.617911132332547,
        4.842940058272088,
        5.306410789331649,
        4.00857721640909,
        4.456114467736025,
        0.4888888888888889,
        0.4722222222222222,
        0.5166666666666667,
        0.45555555555555555,
        0.5833333333333334,
        0.49444444444444446,
        2.3861267640362205,
        2.45681329423586
      ],
      "sd": [
        12.404513067607462,
        982.8786219695144,
        0.3390287438592668,
        0.2921425043722207,
        0.41856745509167226,
        0.545289787970683,
        0.2470513773272412,
        0.499876527964533,
        0.4992277987669844,
        0.49972214501883144,
        0.4980207740225542,
        0.49300664859163523,
        0.4999691348498113,
        2.4479793711051694,
        2.411903844007215
      ],